"Persona","Gender","Age Group","Desires (10)","Needs (10)","Friction/Barriers (10)","Why Do They Need/Buy (10)","What Will We Offer (10)","Scroll-Stopper Hooks (10)","Top 5 USPs","CTA","Awareness Stage","Decision Influencer","Visual/Creative Direction","Emotional Tone"
"Two Brothers Buying Together","Male (Decision), Female (Veto)","25-40","1. Living physically close to support each other during financial or family crises.
2. Keeping wives happy with completely separate and independent kitchens.
3. Raising cousins together like siblings, just like in their childhood.
4. Avoiding the property disputes that ruined their parents' or uncles' generations.
5. Building joint family wealth with a combined real estate investment in Bhopal.
6. Showing society and relatives that the brothers are still united.
7. Having a shared space (the floor lobby) for family gatherings and festivals.
8. Maintaining modern privacy without sacrificing traditional family values.
9. Securing an asset in a fast-appreciating area like Awadhpuri before prices peak.
10. Easing the burden of caring for aging parents by splitting the physical responsibility.","1. Exactly two adjacent 2BHK units on the exact same floor.
2. Two separate legal registries to avoid any future legal complications.
3. Affordable combined EMI that fits their ₹60,000-1,50,000 combined monthly income.
4. SBI or leading bank approval to ensure legal safety and easy joint/separate loans.
5. Gated campus with CCTV for the safety of their wives and children.
6. Proximity to good schools (like Little Kingdom, 1.2km away) for the kids.
7. Zero maintenance charges to keep their monthly overheads low.
8. Ready possession in 6-8 months so they don't pay rent and EMI simultaneously.
9. TNCP and Nagar Nigam approvals for absolute peace of mind.
10. Close to BHEL (4km) or major transit points for an easy daily commute.","1. Fear that joint property ownership will eventually lead to bitter legal disputes.
2. Wives resisting the idea of a 'joint family' setup due to lack of privacy.
3. One brother might have a lower income, making equal ₹20,000 EMI contribution hard.
4. Worrying about the down payment draining both their savings simultaneously.
5. Doubt about the builder's delivery timeline despite the 6-8 months promise.
6. Assuming Awadhpuri might be too far from city center amenities.
7. Hidden costs like heavy documentation or massive future maintenance charges.
8. Concerns about consistent 24/7 water supply typical in parts of Bhopal.
9. Disagreement on which brother gets which flat based on Vaastu or view.
10. Parents trying to force them into buying one single massive house instead of two flats.","1. They crave the emotional security of having family literally next door.
2. Current rented apartments keep them scattered in different parts of Bhopal.
3. Real estate prices in Bhopal are rising rapidly (36% in 3 years); they fear missing out.
4. The 'Family Floor' concept perfectly balances tradition and modernity.
5. It solves the ""who takes care of the parents"" dilemma instantly.
6. The ₹20,000 EMI per head is cheaper or equal to renting two premium houses.
7. They want a tangible symbol of their success and brotherhood to show relatives.
8. The Ayodhya Bypass expansion guarantees their investment will grow safely.
9. They want a secure, gated environment with a boundary wall for their kids.
10. Buying together provides immense psychological comfort when taking a ₹35L loan.","1. The exclusive 'Entire Family Floor' – two 2BHKs dedicated to them on one floor.
2. Two separate registries so each brother legally owns his flat independently.
3. Completely separate kitchens, eliminating the biggest cause of joint family friction.
4. Zero documentation charges, saving them crucial upfront cash during registry.
5. Zero maintenance charges, drastically reducing their monthly financial burden.
6. 24/7 water supply and lift, ensuring complete comfort for their growing families.
7. Total legal transparency with RERA, TNCP, and SBI approvals.
8. Transparent pricing at ₹35,00,000 starting, with manageable ₹20,000 EMIs.
9. Fast delivery (6-8 months) so they can move in together very soon.
10. High ROI potential supported by the upcoming Metro endpoint in Awadhpuri.","1. Bhai ke saath rehna hai par kitchen alag chahiye? Awadhpuri mein dekhiye 'Family Floor'.
2. Joint family ka pyaar, modern family ki privacy. Ek hi floor par 2 separate 2BHK!
3. Property dispute ka darr? Alag registry, alag flat, par bhai bilkul pados mein.
4. Bhopal ke do bhaiyon ke liye sabse best real estate deal! Sirf ₹35 Lakh mein apna 2BHK.
5. Maa-baap chahte hain dono bete saath rahein? Unhe Awadhpuri ka ye project dikhaiye.
6. Rent kyu dena jab ₹20k EMI mein dono bhai apne alag-alag ghar ke maalik ban sakte hain?
7. Biwi ko chahiye privacy, maa ko chahiye poora parivar? Ye 'Family Floor' dono ko khush rakhega.
8. Sirf 6 flats ka exclusive project. Ek floor aapka, aur ek aapke bhai ka!
9. Bhai ke saath milkar Bhopal mein property lene ka soch rahe ho? Ye video skip mat karna.
10. Kya aap aur aapke bhai alag-alag kiraye ke ghar mein rehte hain? Saath aane ka waqt aa gaya hai!","1. 'Entire Family Floor' concept offering adjacent flats on the same floor.
2. 100% separate legal registries to prevent any future property disputes.
3. Zero documentation and zero maintenance charges to ease the combined financial load.
4. Separate kitchens and entrances to guarantee complete privacy for the wives.
5. Only 6 flats in the building, ensuring a private, exclusive family environment.","Apne bhai ke saath joint site visit book karein! Call us today.","Solution Aware","Wives (silent veto), Parents (pushers)","Split-screen video showing two brothers opening their respective main doors on the same floor and smiling, or wives cooking peacefully in their own kitchens.","Brotherhood, Security, Relief, Harmony."
"Parents + Married Son (Same Floor)","Male (Son), Male/Female (Parents)","Son (28-40), Parents (55-70)","1. Son wants to relieve his deep guilt of leaving aging parents alone.
2. Daughter-in-law desperately wants her own space without interference.
3. Parents want to see their grandchildren daily without intruding.
4. Quick access to top medical care (AIIMS Bhopal) for aging parents.
5. Living in a quiet, peaceful neighborhood like Deep Nagar.
6. Ensuring the parents don't have to climb stairs in their old age.
7. A strong sense of security for the elderly parents when the son travels for work.
8. Maintaining respect and avoiding the classic 'saas-bahu' daily conflicts.
9. Creating a legacy property that stays in the family for generations.
10. Easy temple access for parents' daily spiritual routine.","1. Two 2BHK flats directly opposite each other on the same floor.
2. A 24/7 operational lift, which is absolutely mandatory for elderly parents.
3. Proximity to major hospitals; AIIMS (5km) and Vaishno/Metro (1.1km) are perfect.
4. Walking distance to temples (6+ temples nearby) for parents.
5. Gated campus with 24/7 security guard for parents' safety.
6. Total EMI (₹40,000 for both) manageable on son's salary + parents' pension.
7. RERA and TNCP approvals to assure risk-averse older generation.
8. Easy walkability for parents (Vidyasagar Institute road is just 410m away).
9. Ground floor shop in the building for sudden daily needs without walking far.
10. Zero maintenance to protect the parents' fixed pension income.","1. The daughter-in-law rejecting the idea fearing it will still feel like a joint family.
2. Parents feeling they are a 'burden' on the son's finances.
3. Convincing parents to move from their old ancestral home to a new flat.
4. Fear that a 2BHK might be too small if relatives visit.
5. Trust issues with builders delaying projects (need that 6-8 month assurance).
6. Doubt over whether a small 6-flat building will have reliable lift maintenance.
7. Worrying about the down payment taking away parents' retirement safety net.
8. Disagreements over interior choices or floor selection.
9. ""What if the builder charges massive hidden fees at possession?""
10. Concerns about Awadhpuri's connectivity to the rest of Bhopal.","1. The emotional toll of parents living far away is getting too heavy for the son.
2. It completely solves the privacy vs. caregiving dilemma.
3. Medical emergencies require proximity (AIIMS is just 10-15 mins away).
4. Buying two ₹35 Lakh flats is much cheaper than buying one ₹1 Crore bungalow.
5. The son's income (₹40k-80k) allows him to take a loan easily with SBI.
6. 24/7 CCTV and guards mean the son never worries about parents' safety.
7. Real estate in Awadhpuri is appreciating (15.3% last year), making it a smart investment.
8. Ready in 6-8 months means parents don't have to wait years to reunite with the son.
9. Zero documentation charges make the upfront financial hit much softer.
10. The 'Family Floor' concept makes the daughter-in-law feel in control of her domain.","1. Two separate 2BHK flats on one floor, giving both generations their own kingdom.
2. A premium 24/7 lift with backup, so parents never struggle with stairs.
3. A fully gated campus with boundary wall and CCTV for absolute security.
4. Zero maintenance charges, respecting the parents' limited pension funds.
5. Prime medical location—just 5km from AIIMS and 1.1km from the nearest hospital.
6. Perfect spiritual location with 6+ temples within walking distance.
7. SBI approved status to give the older generation 100% peace of mind.
8. Ground floor shop so parents can buy milk/bread without leaving the building.
9. Zero documentation charges to save them lakhs during the registry process.
10. Fast 6-8 months possession to ensure quick family reunification.","1. Maa-Baap ko akele chhodne ka guilt hai? Ye 'Family Floor' concept aapke liye hai.
2. Saas-Bahu ke jhagde khatam! Ek hi floor par do alag 2BHK flats.
3. Parents ke liye AIIMS ke paas, aapke liye BHEL ke paas. Perfect location in Awadhpuri.
4. Buzurg parents ke liye lift aur mandir paas mein chahiye? Awadhpuri mein dekhiye ye project.
5. Kya aapki wife ko privacy chahiye aur aapko apne parents ka saath?
6. Apne parents ko dijiye ek safe gated community, aur khud ko lijiye peace of mind.
7. Sirf ₹20,000 EMI mein aapke aur aapke parents ke liye do alag ghar.
8. Pension aur salary milakar lijiye apna 'Entire Family Floor' Bhopal mein.
9. Maa-baap ki health ki chinta? AIIMS se sirf 10 minute door lijiye ye naya ghar.
10. Ek ghar aapka, ek parents ka. Bina kisi interference ke, par ekdum paas!","1. 24/7 operational lift and ground floor shop for absolute convenience for the elderly.
2. Close proximity to top healthcare (AIIMS, Metro Hospital) and 6+ temples.
3. The 'Entire Family Floor' concept giving the daughter-in-law her independent space.
4. Gated campus with 24/7 CCTV and security guard ensuring elderly safety.
5. SBI Approved and RERA registered, providing the trust older generations require.","Apne parents ko unka naya ghar dikhane laayein! Book a free site visit.","Problem Aware","Daughter-in-law (make-or-break), Son (buyer)","Emotional video showing a son visiting his parents' flat across the hall for morning tea, while his wife comfortably gets ready for work in her own flat.","Guilt-relief, Respect, Love, Comfort."
"Parents + Married Daughter (Same Floor)","Female (Daughter), Male (Son-in-law), Male/Female (Parents)","Parents (50-65), Daughter (25-38)","1. Parents wanting to age near their daughter, their true emotional anchor.
2. Daughter wanting to care for her parents without disrupting her marriage.
3. Son-in-law wanting a home that feels like HIS asset, not a ""ghar-jamai"" setup.
4. Progressive, modern living free from orthodox societal judgments.
5. Breaking the stigma of parents living with married daughters.
6. High security for the aging parents when the young couple is at work.
7. Financial independence for both families despite living close.
8. Fast connectivity to the rest of Bhopal (Ayodhya Bypass).
9. Proximity to top schools for the daughter's children (10+ schools within 5km).
10. A quiet, respectable neighborhood with good neighbors in Deep Nagar.","1. Two distinct, separate 2BHK flats to ensure the son-in-law's dignity and independence.
2. Separate registries so the son-in-law is the legal owner of his own home.
3. Very close proximity to AIIMS and local hospitals for aging parents.
4. Affordable price point (₹35 Lakhs) so both parties can afford their own EMI.
5. 24/7 lift and water supply for parents' comfort.
6. Approvals from major banks (SBI) so the young couple can easily finance their part.
7. Nearby educational hubs for the grandchildren (Vidyasagar Institute is just 410m away).
8. Only 6 flats in the building to ensure privacy and a tight-knit community.
9. Zero maintenance to keep long-term costs manageable for both households.
10. Easy access to local markets (Vijay Market is 2km away) for daily needs.","1. Son-in-law's ego: He must not feel like he is living ""under the in-laws' roof.""
2. Societal taunts about parents taking help from a married daughter.
3. Fear that the son-in-law will reject the location if it's too far from his workplace.
4. Worries about the down payment arrangement (who pays for what).
5. Apprehension that 2BHKs might be too small for the daughter's growing family.
6. The daughter feeling caught in the middle of negotiations.
7. Doubt over the 6-8 month completion timeline.
8. Fear of hidden documentation charges eating into savings.
9. Worries about Awadhpuri's traffic during peak hours.
10. Parents feeling they might be intruding on the young couple's privacy.","1. This specific 'Family Floor' setup neutralizes the ""ghar-jamai"" stigma completely.
2. The daughter can monitor her parents' health daily without leaving her home.
3. The son-in-law gets a brand-new ₹35L home on his own merits and registry.
4. Awadhpuri is a fast-developing area (upcoming Metro), offering a great ROI.
5. Zero documentation charges remove a massive financial hurdle for both.
6. 10+ schools and 7+ hospitals within 5km makes it the ultimate family hub.
7. They want the safety of a gated community with a boundary wall and guard.
8. They want to avoid the massive expense of buying separate houses in different areas.
9. SBI approval proves the builder is legitimate and the property is safe.
10. It empowers the parents to remain independent while staying close to their child.","1. Two separate 2BHK flats with two separate legal registries.
2. Total independence for the son-in-law, framing it as 'neighbors' rather than 'living with in-laws'.
3. 24/7 lift and security, providing peace of mind to the working daughter.
4. Exceptional location—5km to AIIMS, 1.2km to Little Kingdom school.
5. Zero documentation and maintenance charges to sweeten the financial deal.
6. High appreciation potential (36% in 3 years) appealing to the son-in-law's logic.
7. A very exclusive setting (only 6 flats total) minimizing nosy neighbors.
8. Ground floor shop and parking to handle everyday logistics effortlessly.
9. RERA & TNCP approval to instantly build trust with all parties.
10. A ready-in-6-to-8-months timeline so they can transition their lives quickly.","1. Beti ke paas rehna chahte hain par unki privacy bhi zaroori hai? Ye dekhiye.
2. Progressive parents and smart daughters! Awadhpuri mein apna 'Family Floor' book karein.
3. Son-in-law ki independence aur beti ka pyaar—dono ko balance karega ye naya concept.
4. Betiyon wale parents ke liye Bhopal ka sabse best real estate project!
5. Ek flat aapka, ek aapki beti-damaad ka. Alag registry, alag ghar, par ek hi floor.
6. AIIMS se sirf 10 minute door, apne parents ke liye lijiye ek safe aur secure ghar.
7. No 'Ghar-Jamai' feeling! 100% separate flats on the same floor for complete dignity.
8. ₹35 Lakh mein aapka ghar, ₹35 Lakh mein unka ghar. Dono independent, dono paas.
9. Modern Indian families ke liye modern solution. Awadhpuri mein 2BHK 'Family Floor'.
10. Apne maa-baap ki dekhbhaal aur apni shaadi-shuda zindagi... ab dono aasaan.","1. 100% separate legal registries ensuring the son-in-law's complete dignity and independence.
2. Strategic location near 10+ schools for kids and AIIMS/hospitals for parents.
3. 'Entire Family Floor' concept that breaks traditional stigmas while keeping families close.
4. Gated campus with 24/7 security guard giving peace of mind to the working daughter.
5. High ROI (36% in 3 years) and upcoming Metro line, appealing to the young couple's investment logic.","Schedule a family site visit this weekend. Let's build your future together!","Unaware / Problem Aware","Son-in-law (must be won over), Daughter (mediator), Parents (initiators)","Heartwarming visual of a mother passing a tiffin across the hall to her son-in-law, both smiling warmly at their separate, distinct main doors.","Progressive, Respectful, Empowering, Loving."
"Young Couple – First Home Buyer","Male/Female","25-32","1. To escape the trap and humiliation of ""dusre ka ghar"" (renting).
2. The massive social pride of owning their first ""Apna Ghar"" in Bhopal.
3. To stop answering to strict landlords about guests, pets, or changes to the house.
4. A highly aesthetic, modern 2BHK to show off to friends and relatives.
5. Building their own asset (wealth creation) rather than paying off a landlord's EMI.
6. A safe, enclosed community to eventually raise their future children.
7. Proximity to major transport hubs (Rani Kamlapati Station, Metro) for easy travel.
8. Earning the respect of their in-laws by achieving this major life milestone early.
9. A quick, hassle-free buying process without bureaucratic nightmares.
10. To live in a developing, well-connected area with high appreciation potential.","1. Extremely affordable EMI (₹20,000/month) that perfectly matches their current rent.
2. Low down payment requirement (₹3.5-5 Lakh) achievable through recent savings.
3. All approvals (SBI, TNCP, Nagar Nigam) so their home loan is processed smoothly.
4. Zero hidden fees (zero documentation charges) because their budget is very tight.
5. Ready in 6-8 months—they cannot afford to pay rent and EMI for 2-3 years.
6. Excellent connectivity to BHEL (4km) or city center for daily office commute.
7. Nearby markets (Vijay Market 2km, Regal Town 500m) for lifestyle and groceries.
8. 24/7 security, CCTV, and gated boundary wall for the wife's safety when alone.
9. Zero maintenance charges so they have disposable income left for weekends.
10. Parking availability for their new car or two-wheelers.","1. Terrified of being scammed by builders (common fear for first-time buyers).
2. Stress over arranging the initial ₹3.5-5 lakh down payment.
3. Fear that the EMI will choke their lifestyle and weekend outings.
4. Worrying about hidden registry and documentation costs springing up at the end.
5. Doubting if Awadhpuri is ""premium"" enough compared to Hoshangabad Road.
6. Overthinking the commitment: ""Are we ready to settle down in one place?""
7. Fear of construction delays leading to a double burden of rent + EMI.
8. Lack of knowledge about the complex home-buying and loan process.
9. Pressure from relatives suggesting they buy a plot instead of a flat.
10. Wondering if a 2BHK will be big enough 5-7 years down the line.","1. ""Apna Ghar"" is the ultimate middle-class Indian dream and they are ready for it.
2. Rent in Bhopal is rising; paying ₹15k rent vs ₹20k EMI makes buying the logical choice.
3. SBI approval and RERA registration give them the courage to trust this builder.
4. 36% appreciation in 3 years proves it's a brilliant financial decision.
5. The Ayodhya Bypass expansion (₹837 Crore) ensures the area's massive future growth.
6. Zero documentation charges directly save them ₹1.5 - ₹2 Lakhs upfront!
7. The upcoming Bhopal Metro Green Line endpoint in Awadhpuri will skyrocket connectivity.
8. Only 6 flats in the building offers exclusivity unlike crowded 500-flat townships.
9. Zero maintenance charges mean their monthly budget remains completely stable.
10. 6-8 months possession fits their immediate timeline perfectly.","1. A premium 2BHK flat for just ₹35,00,000 with a highly affordable ₹20,000 EMI.
2. Complete handholding through the SBI home loan process.
3. Zero documentation charges, absorbing the financial shock of the registry.
4. Zero maintenance charges, protecting their monthly lifestyle budget.
5. A highly secure, gated campus with CCTV and guards for ultimate peace of mind.
6. Strategic location with the Ayodhya Bypass and upcoming Metro line nearby.
7. Fast 6-8 months delivery timeline to minimize their rent+EMI overlap.
8. 24/7 water supply and lift, providing modern comforts.
9. Ground floor shop and designated parking for ultimate daily convenience.
10. 100% transparent pricing and RERA/TNCP approvals to eliminate all buying fears.","1. Kab tak dusre ke ghar ka rent bharte rahoge? ₹20k EMI mein apna ghar lo!
2. First time home buyer? Awadhpuri mein ₹35 Lakh mein 2BHK, zero documentation charges ke saath.
3. Rent vs EMI! Bhopal mein ₹15k rent dena better hai ya ₹20k mein apne ghar ka maalik banna?
4. Nayi shaadi, naya ghar! Apne sapno ka 2BHK book karein sirf ₹35 Lakh mein.
5. No hidden charges, zero maintenance! First home buyers ke liye sabse safe project.
6. Hoshangabad road ab mehenga hai, Awadhpuri hai Bhopal ka future! Dekhiye kyun.
7. Kya aap aur aapki wife dono working hain? Ye ₹20k EMI wala flat aapke liye best hai.
8. Apna Ghar—Bhopal ke dil mein. Metro aur Ayodhya Bypass ke bilkul paas!
9. Sirf 6-8 mahine mein possession. Rent aur EMI dono ek saath bharne ki tension khatam.
10. 6 flats ka exclusive project. Bheed-bhad se door, premium life zaroor!","1. Highly accessible ₹35L price with an EMI (~₹20,000) that competes with monthly rent.
2. Zero documentation and zero maintenance charges, saving lakhs in upfront and recurring costs.
3. 6-8 months fast delivery, saving them from the dreaded rent+EMI trap.
4. High appreciation area (36% in 3 years) backed by the Ayodhya Bypass expansion and Metro.
5. 100% legal safety with RERA, TNCP, Nagar Nigam, and SBI approvals.","Apne 'Apne Ghar' ka sapna poora karein! Click to download brochure.","Solution Aware","Both partners equally, with subtle pressure from in-laws.","A young couple happily holding the keys to their new home, transitioning from a landlord taking rent money to them paying their own EMI.","Pride, Excitement, Relief, Ambition."
"Government Employee (Class II/III)","Mostly Male (but family oriented)","35-50","1. Absolute safety and zero risk in their real estate investment.
2. A permanent, settled address in Bhopal before retirement.
3. Maximum utility for their hard-earned provident fund (PF) withdrawal.
4. Respect in their social and professional circle for owning a legally perfect home.
5. Proximity to major government offices or easy transit routes (BHEL, MP Nagar).
6. 100% clear titles and paperwork to avoid any legal stress.
7. Good nearby schools (like Little Kingdom) for their children's steady education.
8. Predictable, fixed expenses with no sudden maintenance surprises.
9. A quiet, disciplined, and secure neighborhood (gated campus).
10. Solid long-term appreciation so the house acts as a wealth fund for their kids.","1. TNCP, Nagar Nigam, and RERA approvals—these are absolute, non-negotiable MUST-HAVES.
2. SBI or other nationalized bank approval (they distrust private NBFCs).
3. A budget-friendly price (₹35 Lakhs) that perfectly matches their loan eligibility.
4. Clear documentation to easily process their PF withdrawal for the down payment.
5. Close proximity to hospitals (Vaishno/Metro 1.1km) for their medical benefits.
6. Zero maintenance charges, as they religiously budget their monthly salary.
7. Proximity to railway stations (Rani Kamlapati 4-5km) for hometown visits.
8. 24/7 water supply (a major priority for middle-class government employees).
9. Secure parking for their family car or two-wheeler.
10. A builder with a clean track record and transparent dealings.","1. Extreme risk aversion—they will walk away if even one document is missing.
2. Fear of builder disappearing or project stalling indefinitely.
3. Strict budget limits—cannot spend a single rupee over their calculated loan amount.
4. Suspicion of ""hidden charges"" that private builders often spring on buyers.
5. Hesitation if the area doesn't have established infrastructure (roads, water lines).
6. Need for extensive proof of the 36% appreciation data.
7. Reluctance to buy into massive townships with high monthly maintenance fees.
8. Worrying about the quality of construction and materials used.
9. Bureaucratic delays in getting their own PF funds released on time.
10. Over-analyzing the connectivity to their specific government office.","1. They need a permanent asset to secure their family's future post-retirement.
2. Awadhpuri is a well-established, respectable area for government employees.
3. The project has every single government approval (TNCP, Nagar Nigam, RERA).
4. SBI approval aligns perfectly with their preference for nationalized banks.
5. Zero documentation charges appeal heavily to their frugal mindset.
6. The ₹35,00,000 price point fits their Class II/III salary loan eligibility perfectly.
7. 10+ schools within 5km guarantees their children's education won't be disrupted.
8. The Ayodhya Bypass 10-lane expansion (₹837 Cr) signals heavy government investment in the area.
9. 6-8 months readiness limits their risk exposure compared to 3-year under-construction projects.
10. Only 6 flats means a peaceful, low-drama living environment.","1. 100% clear paperwork with RERA, TNCP, and Nagar Nigam approvals upfront.
2. Pre-approved loans from SBI and all leading nationalized banks.
3. Transparent, fixed pricing at ₹35L with absolutely zero hidden costs.
4. Zero documentation charges and zero maintenance charges to protect their budget.
5. High-quality, guaranteed construction ready in just 6-8 months.
6. Gated campus with CCTV and guard, matching their need for safety and order.
7. Prime connectivity: 4km to BHEL, 4-5km to Rani Kamlapati Station.
8. 24/7 lift and water supply, solving basic civic worries.
9. Strategic location near the upcoming Metro Green Line endpoint.
10. Full assistance with paperwork required for their PF withdrawal process.","1. Govt Employee hain? Bina RERA aur TNCP approval ke Bhopal mein ghar mat lijiye!
2. 100% Legal, 100% Safe. Awadhpuri mein RERA, TNCP aur SBI approved 2BHK flats.
3. PF ka paisa sahi jagah invest karein! Awadhpuri mein ₹35 Lakh mein apna 2BHK.
4. Zero maintenance, zero documentation charges. Fixed salary walo ke liye perfect deal.
5. Kya aapko bhi private builders ke hidden charges se darr lagta hai? Humare paas sab transparent hai.
6. BHEL aur Rani Kamlapati Station ke paas, govt employees ki pehli pasand!
7. ₹35 Lakh mein 100% clear title wala ghar. SBI se loan lijiye bina kisi tension ke.
8. Awadhpuri mein upcoming Metro aur 10-lane bypass ke paas apna permanent address banayein.
9. Rent ki tension chhodiye, apne parivar ko dijiye ek safe, gated campus ka tohfa.
10. Sirf 6 flats ka project—shanti, security, aur 100% clear paperwork.","1. 100% Government Approved: RERA, TNCP, and Nagar Nigam cleared.
2. SBI and all leading nationalized banks approved for easy, trustworthy financing.
3. Zero maintenance and zero documentation charges, perfectly suited for fixed-income planning.
4. Highly strategic location near BHEL, Ayodhya Bypass, and Rani Kamlapati Station.
5. Transparent and fast 6-8 months possession with zero hidden costs.","Apni hard-earned savings ko safe jagah invest karein. Download RERA approved brochure!","Problem Aware / Comparison","Self (logic/finances), Spouse (layout/location)","A confident government employee meticulously checking a file labeled ""100% Approved"", then smiling and handing keys to his family.","Trust, Security, Logic, Transparency."
"Self-Use + Rental Combo Buyer","Male / Female","30-50","1. Earn a steady passive rental income (₹8-12K) to offset the combined ₹40K EMI of two flats.
2. Have complete control over selecting a reliable neighbor/tenant for the adjacent 2BHK.
3. Attract high-quality tenants like AIIMS staff (5km) or Vidyasagar College students (410m).
4. Secure future flexibility to remove the tenant and expand when children grow up.
5. Achieve rapid capital appreciation, aiming to match or exceed the 36% 3-year area trend.
6. Live in a peaceful, secure gated campus with a boundary wall for personal family safety.
7. Keep rental yields high by avoiding monthly maintenance charges completely.
8. Get effortless bank financing through SBI approval to cover the dual purchase.
9. Maximize property value growth via the upcoming Ayodhya Bypass 10-lane expansion.
10. Feel like a clever investor who secured an exclusive 'Entire Family Floor' before it sold out.","1. Two separate 2BHK flats located on the exact same floor for easy management.
2. Clear legal titles with TNCP & Nagar Nigam approval to secure a double home loan.
3. Proximity to major employment and education hubs (BHEL 4km, Vidyasagar 410m) for guaranteed tenant demand.
4. An affordable entry price point (₹35 Lakhs per flat) that makes the dual-EMI math work.
5. Zero documentation charges to save on upfront cash requirements.
6. Basic modern amenities like 24/7 lift, water supply, and CCTV for tenant satisfaction.
7. A ready-to-move timeline (6-8 months) so rental income can start flowing quickly.
8. RERA registration for both units to ensure project delivery guarantees.
9. Dedicated parking space to avoid tenant-owner parking conflicts.
10. Close proximity to local markets (Vijay Market 2km) for daily family and tenant convenience.","1. Fear that the ₹40K dual EMI will be unmanageable if the second flat remains vacant.
2. Worry about tenant nuisance or property damage right next door.
3. Doubt that rental demand in Awadhpuri is strong enough for consistent tenancy.
4. Hesitation about the 6-8 month wait before rental income actually starts.
5. Concern about hidden maintenance charges that builders often reveal later.
6. Stress of arranging a larger upfront down payment for two flats simultaneously.
7. Skepticism about the promised 36% appreciation actually realizing in Deep Nagar.
8. Fear of construction delays pushing back the move-in and rental start dates.
9. Worrying that a 6-flat project might lack the prestige of a large township.
10. Anxiety over the complex paperwork required for buying two properties at once.","1. They want to upgrade their lifestyle while using rental income to subsidize the cost.
2. The AIIMS (5km) and Vidyasagar (410m) proximity guarantees a steady tenant pool.
3. Buying the entire floor prevents random strangers from moving in next door.
4. It solves their current housing need while acting as a retirement pension plan.
5. The ₹35 Lakh price point makes buying two flats realistic for their ₹50K-1L income bracket.
6. They see the Ayodhya Bypass and Metro Green Line as massive upcoming value boosters.
7. Zero maintenance charges mean 100% of the rent goes straight into their pocket.
8. They need a place where their elderly parents can live safely while they manage the property.
9. They want a long-term asset to pass down to two children in the future.
10. The exclusivity of a 6-flat building offers more privacy than a crowded high-rise.","1. The exclusive 'Entire Family Floor' concept giving them absolute control over the floor.
2. Detailed rental demand data highlighting AIIMS staff and Vidyasagar College students.
3. Zero maintenance charges for life, maximizing their monthly rental yield.
4. SBI pre-approved loans to simplify the dual-financing process for the ₹70 Lakh total.
5. Zero documentation charges to heavily reduce their upfront out-of-pocket expenses.
6. A 6-8 month delivery guarantee backed by strict RERA registration.
7. 24/7 CCTV and security guards to keep both their family and their tenant safe.
8. Strategic location data showing the 10-lane Ayodhya bypass and Metro Green line growth.
9. Premium privacy in an exclusive 3-floor, 6-flat gated campus.
10. Dedicated parking for the owner, with clear arrangements for the adjacent flat.","1. Ek flat mein raho, doosre ka kiraya khao! Awadhpuri ka best dual-investment plan.
2. AIIMS aur Vidyasagar ke paas ghar loge, toh tenant ki tension kabhi nahi hogi!
3. ₹20K EMI dijiye, aur padosi se ₹12K kiraya lijiye. Pura floor aapka!
4. Kya aap chahte hain ki aapke theek bagal mein kaun rahe, yeh aap decide karein?
5. Bhopal mein pehli baar - 'Entire Family Floor' concept sirf 6 lucky buyers ke liye.
6. Awadhpuri mein ₹35 Lakh ka 2BHK! Zero maintenance, zero hidden charges.
7. Apne bachon ke future ke liye 2 flats lijiye - ek mein raho, ek rent pe do.
8. Metro aur 10-lane Ayodhya bypass ke paas ghar - 3 saal mein 36% appreciation ki umeed!
9. Ground floor pe dukaan, upar aalishan ghar. Aisa mauka baar baar nahi milta.
10. Sirf 6-8 mahine mein ready! RERA aur SBI approved 2BHK flats in Deep Nagar.","1. 'Entire Family Floor' concept allowing one flat for self-use and one for rent.
2. High rental demand guaranteed by proximity to AIIMS (5km) and Vidyasagar College (410m).
3. Zero maintenance and zero documentation charges to maximize rental ROI.
4. High appreciation potential (36% past trend) driven by Metro and Ayodhya Bypass expansion.
5. Exclusive 6-flat gated campus with 24/7 security and CCTV.","Book your 'Entire Family Floor' today before all 3 floors are sold out! Call now for a site visit.","Solution Aware (They know they want property, need to see the dual-flat ROI logic).","Spouse, Financial Advisor, Rental Market Trends.","Split-screen graphic showing a family happily living in one flat and a doctor (tenant) handing over a rent cheque from the other door.","Smart, Strategic, Secure, Financially Savvy."
"Healthcare Professional (AIIMS Connection)","Male / Female","25-50","1. A peaceful, quiet sanctuary to rest after grueling 12-36 hour hospital shifts.
2. A commute of under 15 minutes to AIIMS Bhopal for emergency on-call duties.
3. A hassle-free home buying process because they have zero time for paperwork.
4. Immediate security (CCTV, guards) because they often return home late at night.
5. Zero maintenance headaches—no time to deal with plumbers, electricians, or societies.
6. A solid investment that grows their ₹30K-2L/month salary automatically.
7. A small, uncrowded community (only 6 flats) to avoid noisy neighborhood drama.
8. Ready-to-move-in soon (6-8 months) so they can stop paying high rent near the hospital.
9. Easy access to daily necessities without driving far (Vijay Market 2km).
10. The option to buy the whole floor so their parents can live next door and help with kids.","1. Maximum 5km distance from AIIMS Bhopal.
2. A transparent, RERA-approved project they can trust without extensive background checks.
3. Fast, pre-approved bank loans (SBI) that require minimal branch visits.
4. 24/7 lift and water supply, crucial for irregular working hours.
5. A gated campus with a boundary wall for physical safety during night shifts.
6. Zero documentation charges so the upfront transaction is smooth and fast.
7. Parking available for their car/two-wheeler at any odd hour.
8. TNCP & Nagar Nigam approvals to ensure absolute legal safety.
9. Proximity to other healthcare hubs (Vaishno/Metro Multi 1.1km) for networking or dual practice.
10. A standard 2BHK layout that is easy to furnish and clean.","1. Too busy saving lives to visit multiple real estate sites or government offices.
2. Worrying that ""Deep Nagar"" might have bad roads causing delays during medical emergencies.
3. Fear of delayed possession in the 6-8 month timeline, disrupting their lease agreements.
4. Hesitation about the 35 Lakh price if they are a junior nurse or lab tech on a ₹30K salary.
5. Concerns about nighttime safety for female medical staff returning at 2 AM.
6. Doubt regarding continuous water supply, which is critical for doctors post-shift.
7. Annoyance at the idea of paying monthly maintenance for amenities they have no time to use.
8. Fear of noisy neighbors in a small building ruining their daytime sleep after a night shift.
9. Skepticism about the builder's track record and legal clearances.
10. Fear that the AIIMS metro line won't actually connect easily to Awadhpuri.","1. The 5km (10-15 min) distance to AIIMS is the perfect balance of proximity and peace.
2. The 6-flat exclusivity guarantees a quiet environment essential for their irregular sleep schedules.
3. Zero maintenance means they don't have to attend annoying society meetings.
4. The ₹20K EMI is often cheaper than renting a premium flat right next to the hospital.
5. SBI approval means the bank has already done the legal vetting they don't have time to do.
6. Purchasing both flats (Entire Floor) lets them house their aging parents right next door for child-care.
7. 24/7 CCTV and gated security provide peace of mind when arriving late at night.
8. 6-8 months completion perfectly aligns with upcoming yearly appraisals or lease expirations.
9. The Orange Line Metro (already active to AIIMS) and proposed Green Line make future commuting effortless.
10. It is a highly liquid asset; they can easily rent it to other AIIMS staff if they get transferred.","1. A location just 10-15 minutes from AIIMS Bhopal, optimized for healthcare workers.
2. A completely exclusive 6-flat building ensuring a noise-free, peaceful resting environment.
3. 24/7 security guard and CCTV to ensure absolute safety during late-night arrivals.
4. Zero documentation charges and a VIP concierge-style site visit to respect their limited time.
5. SBI-approved home loans for fast, reliable, and hassle-free financing.
6. Uninterrupted 24/7 water supply and lift access, regardless of the hour.
7. The 'Entire Family Floor' option for doctors wanting their parents close by for childcare.
8. Strict 6-8 month RERA-backed delivery timeline so they can plan their move perfectly.
9. Zero maintenance charges, removing ongoing financial and administrative headaches.
10. Proof of the 10-lane Ayodhya Bypass and Metro connectivity to guarantee appreciation.","1. AIIMS Bhopal se sirf 10 minute door! Doctors aur medical staff ke liye perfect 2BHK.
2. Night shift ke baad sukoon ki neend chahiye? Awadhpuri ke is 6-flat premium project mein aaiye.
3. ₹35 Lakh mein apna 2BHK, AIIMS ke paas. Rent dena band karein, EMI shuru karein!
4. Zero maintenance, Zero documentation, aur 100% peace of mind. Doctors ki pehli pasand.
5. Kya aap AIIMS mein kaam karte hain? Aapke liye ghar dhoondne ka time humne bacha liya hai.
6. Sirf 6 exclusive flats - kyunki aapko shor-sharaba nahi, shanti chahiye.
7. Late night duty se aana hai? 24/7 CCTV aur gated security aapka wait kar rahi hai.
8. Apne aur apne parents ke liye poora floor lijiye! Do 2BHK flats, ek hi floor par.
9. SBI approved project, taaki aapka time paper-work mein nahi, patients mein lage.
10. 6-8 mahine mein ready! Agle saal apna rent bacha lijiye.","1. Ultra-close proximity to AIIMS Bhopal (~5 km / 10-15 mins).
2. Exclusive 6-flat layout ensuring a quiet, peaceful environment for irregular sleep schedules.
3. 24/7 Security, CCTV, and water supply for safe and comfortable late-night arrivals.
4. SBI Approved with Zero Documentation Charges for a fast, hassle-free buying experience.
5. Zero Maintenance charges, eliminating society management headaches.","Special site-visit scheduling for Healthcare Heroes! Tap to book a quick tour near AIIMS today.","Product Aware (Looking for the right house near the hospital).","Commute time, Colleague recommendations, Work schedule.","A doctor in scrubs looking relaxed on a balcony with a cup of coffee, with a subtle graphic of a map showing a 10-min drive to AIIMS.","Relief, Convenience, Respectful, Peaceful."
"Small Business Owner / Shopkeeper","Male","30-55","1. To seamlessly integrate their business and home life ('Dukaan neeche, ghar upar').
2. To capture high footfall and commercial growth near the expanding Ayodhya Bypass.
3. To secure a tangible asset that appreciates faster than bank fixed deposits.
4. To eliminate the daily commute between their shop and their residence completely.
5. To gain supreme social status in their business community by owning a multi-level property.
6. To have a secure boundary-wall campus to protect both their family and shop inventory.
7. To easily secure a loan that accommodates their cash-heavy, variable income (₹40K-1.5L).
8. To avoid the hidden traps of maintenance charges that eat into business profits.
9. To have enough parking for both their delivery vehicles and personal cars.
10. To pass down a ready-made business location and home to their children.","1. A ground-floor commercial shop explicitly attached to an upper-floor residential 2BHK.
2. Location with strong local demand (Vijay Market 2km, surrounded by schools/hospitals).
3. TNCP & Nagar Nigam approvals to ensure the commercial shop is 100% legal.
4. Fast 6-8 month possession so they don't miss out on upcoming festival season sales.
5. High visibility and easy access from the main Sarla Estate Road.
6. 24/7 CCTV to monitor the shop entrance from the flat above.
7. SBI/Bank approval that understands the ITRs of a small business owner.
8. Zero documentation charges to keep their working capital free for business inventory.
9. 24/7 water and electricity infrastructure to keep the shop running smoothly.
10. A layout that separates the shop's public entrance from the family's private entrance.","1. Concern that residential families in the building might object to commercial shop activities.
2. Fear that the local road traffic isn't high enough yet to support a profitable shop.
3. Hesitation over bank loan approvals due to fluctuating business income and lower ITRs.
4. Worry that a ₹35L+ investment will drain all the liquidity from their current business.
5. Skepticism about the timeline—delayed possession means paying shop rent elsewhere.
6. Fear of Nagar Nigam encroachment drives if commercial approvals aren't perfect.
7. Anxiety about parking conflicts between their shop customers and other flat owners.
8. Doubt that an exclusive 6-flat building will generate enough internal customer footfall.
9. Reluctance to pay a large lump-sum down payment that affects their business cash flow.
10. Fear that the 10-lane Ayodhya Bypass construction might block roads and hurt business temporarily.","1. The exact ""Shop + Flat"" combo is a rare find in purely residential areas like Deep Nagar.
2. They save 100% of their daily commute time and fuel costs.
3. The local catchment area (Vidyasagar Tech, 10+ schools) provides a built-in customer base.
4. They can keep their shop open later at night safely, knowing their home is just upstairs.
5. Zero maintenance charges significantly boost their net business margins.
6. TNCP/Nagar Nigam approval guarantees their shop won't face sudden demolition notices.
7. 36% local appreciation ensures the property gains value faster than their business goods.
8. The 6-8 month timeframe is fast enough to plan a grand opening next year.
9. Gated security with CCTV protects their livelihood and their family simultaneously.
10. Buying the ground shop + 1st floor flat gives them dominance over the property's footprint.","1. The ultimate 'Dukaan Neeche, Ghar Upar' package at Sarla Estate Road.
2. Guaranteed 100% legal commercial approvals for the ground floor shop.
3. Strategic local mapping showing 10+ schools and 7+ hospitals driving traffic to their shop.
4. 24/7 CCTV surveillance covering both the shop frontage and the residential gates.
5. Zero maintenance charges for life—no monthly society fees draining their profits.
6. Dedicated parking spaces preventing customer-resident parking wars.
7. Strong banking tie-ups (SBI) skilled at processing business-owner ITRs.
8. Transparent 6-8 month possession timeline with RERA backing for safe business planning.
9. A highly visible location near the ₹837 Crore Ayodhya Bypass expansion.
10. Zero documentation charges to keep their working capital strictly for their business.","1. Dukaan neeche, ghar upar! Awadhpuri mein apna business aur ghar ek hi jagah.
2. Kiraye ki dukaan chodiye, Sarla Estate Road par apni dukaan aur apna flat lijiye!
3. Kya aapka business aur ghar alag-alag hone se aap thak gaye hain? Yeh project aapke liye hai.
4. Ground floor pe shop, upar aalishan 2BHK. Sirf ek lucky buyer ke liye available!
5. 10+ schools aur Vidyasagar college ke paas shop kholne ka sunhera mauka.
6. Business owner hain? Apna ITR layein aur SBI se easily loan payein.
7. Zero maintenance charges! Jo kamayenge, seedha aapki jeb mein jayega.
8. Apne business ko dijiye ek permanent address. 6-8 mahine mein possession.
9. Ayodhya bypass ke paas commercial + residential property = Double Appreciation!
10. Dukaan ki chinta ab khatam, kyunki ghar hoga dukaan ke theek upar.","1. Ground Floor Shop + Upper Floor Flat combo for zero-commute business living.
2. High footfall location near Vidyasagar Institute, 10+ schools, and Ayodhya Bypass.
3. Fully legal commercial/residential mix with TNCP & Nagar Nigam approvals.
4. 24/7 CCTV and gated security for safe business inventory and family protection.
5. Zero Maintenance and Zero Documentation charges to protect business working capital.","Secure the ONLY Ground Floor Shop + Flat combo before it's gone. Call now for a business-focused site tour!","Problem Aware (Tired of renting a shop and commuting, looking for a combined solution).","Business Partner, Financial Liquidity, Local Footfall Traffic.","A proud Indian shopkeeper rolling up the shutter of a clean, modern shop, then seamlessly walking upstairs to a beautiful living room to have tea with his family.","Ambitious, Practical, Proud, Secure."
"Pre-Retirement Planner (50-58 years)","Male / Female","50-58","1. Absolute peace of mind and security for their golden years after vacating government quarters.
2. A stable, passive rental income to supplement their upcoming monthly pension.
3. To live very close to top medical facilities (AIIMS 5km) for age-related healthcare needs.
4. To secure homes for both their children by utilizing the 'Entire Family Floor' concept.
5. A hassle-free, zero-drama neighborhood without the noise of a massive 1000-flat township.
6. To make a safe, low-risk investment using their PF/savings before they retire.
7. Easy access to walking spaces and nearby temples (6+ temples in walking distance).
8. A ground or lower-floor apartment with reliable 24/7 lift access to avoid climbing stairs.
9. Zero unexpected costs post-retirement, meaning absolutely zero maintenance charges.
10. A legally spotless property (SBI/RERA/TNCP) because they refuse to take risks at this age.","1. A ready-to-move timeline (6-8 months) aligning perfectly with their retirement date.
2. Guaranteed 24/7 lift access with power backup, as mobility is a primary concern.
3. Close proximity to hospitals (Metro Multi 1.1km, AIIMS 5km) for routine checkups.
4. A gated campus with a strict boundary wall and 24/7 security guard.
5. Clear RERA and Nagar Nigam paperwork to utilize their retirement funds safely.
6. Shorter loan tenure options or the ability to make a large down payment without penalties.
7. 2 separate 2BHKs on the same floor so a caretaker, tenant, or child can live next door.
8. Peaceful surroundings near temples and quiet residential roads.
9. Reliable 24/7 water supply to avoid physical labor or dependency on tankers.
10. A builder with a clean track record and transparent dealings.","1. Intense fear of builder frauds and losing their life's hard-earned retirement savings.
2. Anxiety about project delays forcing them to rent temporarily after leaving govt quarters.
3. Worry that the 24/7 lift might break down, trapping them on an upper floor.
4. Fear that maintaining two flats will be physically and financially draining in old age.
5. Hesitation about the ₹70L combined cost draining their retirement corpus completely.
6. Concern about the safety of an elderly couple living alone in an isolated building.
7. Doubt regarding the actual rental demand if they choose to rent the second flat.
8. Resistance to paying high maintenance charges on a fixed pension income.
9. Fear that the location (Deep Nagar) might be too far from their current social circles.
10. Confusion and exhaustion regarding complex modern property documentation.","1. They face a hard deadline to vacate their current employer-provided housing.
2. The 'Entire Family Floor' perfectly solves the ""live in one, rent the other for pension"" equation.
3. AIIMS being just 10 mins away provides a massive psychological safety net for healthcare.
4. SBI approval gives them the ultimate trust signal that the project is 100% legally clean.
5. The 6-flat boutique size means no noisy teenagers or crowded elevators—just peace.
6. 6+ walking-distance temples offer the ideal spiritual and social routine for retirement.
7. Zero maintenance charges ensure their limited pension isn't eaten up by society fees.
8. The 6-8 month completion date perfectly matches their countdown to retirement.
9. 24/7 CCTV and gated security ensure they are physically safe even if living alone.
10. Purchasing two flats on one floor keeps their adult children physically close but independent.","1. The 'Entire Family Floor' model, providing a self-use home plus a pension-generating rental flat.
2. Unmatched healthcare proximity: 1.1km to Metro Hospital, 5km to AIIMS.
3. Guaranteed 24/7 lift with backup, ensuring absolute mobility for senior citizens.
4. A 100% legally safe, SBI-approved, RERA-registered project protecting their life savings.
5. A quiet, secure 6-flat gated community with 24/7 guards and boundary walls.
6. Zero maintenance charges for life, protecting their fixed retirement income.
7. Zero documentation charges, with our team handling all the stressful paperwork for them.
8. Location mapping highlighting the 6+ temples within safe walking distance.
9. A strict 6-8 month delivery schedule to smoothly transition from their government quarter.
10. Option to customize the adjacent flat for a live-in nurse or caretaker if required.","1. Retirement ke baad sarkari quarter khali karna hai? Awadhpuri mein apna ghar lijiye!
2. Pension ke saath ₹12,000 ka extra rental income chahiye? Apna 'Entire Family Floor' book karein.
3. AIIMS se sirf 5km door - Senior citizens ke liye Bhopal ka sabse safe project.
4. 6+ Mandir walking distance par, aur 24/7 lift ki suvidha. Retirement ke liye perfect!
5. Zindagi bhar ki kamayi wahan lagayein jahan SBI aur RERA ka bharosa ho.
6. Badi townships ke shor se door, sirf 6 flats ki peaceful gated community.
7. Zero maintenance charges! Retirement ke baad fixed income par koi extra bojh nahi.
8. Ek flat mein aap rahiye, bagal wale mein apne bachon ko rakhiye. Pura floor aapka!
9. Kya aap chahte hain ki retirement ke baad aspatal aur mandir dono ghar ke paas hon?
10. Sirf 6-8 mahine mein ready! Apne golden years ek secure, gated campus mein bitayein.","1. 'Entire Family Floor' allows generating passive rental income to supplement pensions.
2. 5km to AIIMS and 1.1km to local hospitals for immediate senior healthcare access.
3. Zero Maintenance charges to protect fixed post-retirement incomes.
4. Peaceful, low-density 6-flat campus with 24/7 lift, CCTV, and 6+ walkable temples.
5. 100% legal safety with SBI, TNCP, and RERA approvals for risk-free investment.","Plan your peaceful retirement today! Claim your 'Entire Family Floor' near AIIMS before they sell out. Call for details.","Solution Aware (Needs a home for retirement, looking for safety and peace).","Adult Children, Retirement Timeline, Healthcare Needs.","A serene, older couple walking back from a nearby temple, using a modern lift to easily reach their beautiful, quiet flat.","Respectful, Secure, Peaceful, Trustworthy."
"About-to-be-Married Buyer","Male","25-32","1. To own a home before the wedding day to dramatically boost their respect in the ""rishta"" market.
2. To gift their new bride a modern, independent space rather than a crowded joint-family setup.
3. To buy the 'Entire Family Floor' so parents live next door—balancing independence with tradition.
4. To secure a fast home loan with the help of their parents as co-borrowers.
5. A highly Instagrammable, modern 2BHK to show off to friends and in-laws.
6. A quick 6-8 month possession so the house is ready right as the wedding takes place.
7. To minimize out-of-pocket expenses for the house so they still have budget for the wedding.
8. To live in a fast-appreciating area (Ayodhya Bypass) to build early career wealth.
9. Easy access to lifestyle zones, cafes, and markets (Vijay Market, Regal Town) for weekend dates.
10. A secure, gated environment where their new wife feels absolutely safe when he is at work.","1. A hard delivery deadline (6-8 months) that perfectly syncs with the upcoming wedding date.
2. A budget-friendly price point (₹35 Lakh) with a manageable EMI (~₹20K) for a young earner.
3. Zero documentation and maintenance charges to keep their immediate cash available for marriage expenses.
4. SBI approval so their traditional parents trust the project enough to co-sign the loan.
5. A layout that offers privacy (only 2 flats per floor, 6 flats total).
6. 24/7 security and boundary walls for the safety of the young couple.
7. 24/7 water and lift—modern amenities that a new bride will expect.
8. Proximity to major transport hubs (Rani Kamlapati Station 4-5km) for visiting relatives.
9. Proximity to employment hubs (BHEL 4km) to minimize daily commuting stress.
10. Dedicated parking for the new car they will likely buy or receive around the wedding.","1. Extreme budget tightness due to simultaneous wedding expenses and down payment needs.
2. Fear that the builder will delay possession, leaving them homeless right after the marriage.
3. Parents arguing against moving out, making the 'Entire Family Floor' compromise critical to sell.
4. Doubt that a ₹30-60K salary will get approved for a loan without heavy parental backing.
5. Worry that 6 flats might feel too isolated compared to a lively large society.
6. Fear of hidden charges (maintenance, documentation) ruining their tightly planned wedding budget.
7. Anxiety that the 35L flat might look ""cheap"" to the demanding in-laws.
8. Skepticism about the Awadhpuri location being premium enough for a new couple.
9. Stress of managing wedding preparations and property paperwork at the exact same time.
10. Fear that the EMI (₹20K) will restrict their post-marriage lifestyle and travel plans.","1. ""Bahu ke liye naya ghar"" is a massive emotional and social driver for the whole family.
2. The 'Entire Family Floor' solves the classic Indian dilemma: privacy for the couple, proximity for the parents.
3. The ₹35 Lakh price is the sweet spot for a first-time young buyer in Bhopal.
4. Zero upfront documentation charges leave more liquid cash for the wedding venue and jewelry.
5. 6-8 month possession is the exact runway they need before the pheras.
6. The upcoming Metro Green Line and Ayodhya Bypass expansion ensure their first investment is a winner.
7. Zero maintenance charges mean their monthly budget isn't squeezed after marriage.
8. SBI approval easily wins over skeptical, risk-averse parents who are co-funding the down payment.
9. The 6-flat exclusivity offers the romantic privacy a newlywed couple desires.
10. It elevates the groom's status instantly—he is a ""settled"" homeowner before age 30.","1. The 'Entire Family Floor' solution: Parents in Flat A, Newlyweds in Flat B. Perfect harmony.
2. A rock-solid 6-8 month delivery timeline backed by RERA to align with the wedding calendar.
3. Zero documentation charges, keeping their hard cash free for wedding expenses.
4. Zero maintenance charges for life, ensuring the ₹20K EMI is their only housing expense.
5. A highly affordable ₹35 Lakh entry price that young earners can easily manage.
6. Premium 24/7 security and gated campus ensuring the new bride feels 100% safe.
7. SBI pre-approved status for fast, stress-free loan processing with parents as co-applicants.
8. Strategic location near Ayodhya Bypass and BHEL, balancing work commute and lifestyle.
9. Concierge-level paperwork assistance so the groom can focus on wedding preparations.
10. A modern, 24/7 lift-equipped, ready-to-move-in aesthetic to impress the in-laws.","1. Shadi hone wali hai? In-laws ko impress karein apna khud ka 2BHK dikha kar!
2. Privacy bhi aur parents ka aashirwad bhi. Book karein 'Entire Family Floor' apne naye safar ke liye.
3. Shadi ke kharchon ke beech ghar kaise lein? Zero documentation aur Zero maintenance charges ke sath!
4. Nayi bahu ke liye naya ghar! Deep Nagar mein ₹35 Lakh mein premium 2BHK.
5. Bas 6-8 mahine mein shadi hai? Humara project bhi tabhi ready hoga. Perfect timing!
6. Rishta pakka karne se pehle apna ghar pakka karein. EMI sirf ~₹20,000/month.
7. Parents chahte hain sath rehna, aap chahte hain privacy? Pura floor lijiye, dono khush!
8. Wedding aur home loan ek sath? SBI approved project se tension-free loan lijiye.
9. Apni nayi zindagi ki shuruaat karein Bhopal ke sabse fast-growing Ayodhya bypass area mein.
10. Sirf 6 flats ki exclusive building - newly weds ke liye perfect peace aur privacy.","1. 'Entire Family Floor' concept providing newlyweds privacy while keeping parents next door.
2. 6-8 month delivery timeline perfectly syncing with upcoming wedding dates.
3. Budget-friendly ₹35L price with Zero Documentation/Maintenance charges to save wedding funds.
4. SBI Approved, making it easy to get loans with parents as traditional co-borrowers.
5. 24/7 Gated security and CCTV for the absolute safety of the new family.","Start your new life in your own home! Book your family floor before the wedding season rush. Call us!","Problem/Solution Aware (Needs a house for marriage, balancing family demands).","Parents, Fiancée, Future In-laws, Wedding Budget.","A young groom excitedly showing his fiancée the keys to their new flat, with his parents smiling approvingly from the adjacent flat's door.","Exciting, Aspirational, Proud, Harmonious."
"Growing Family (Second Child / Space Crunch)","Male/Female (Couples)","30-40","1. A separate bedroom for their growing children to play and study.
2. A safe, secure campus where kids can go downstairs to play without constant supervision.
3. An upgrade in social status from living in a cramped 1BHK to a modern 2BHK.
4. To live in a well-connected area of Awadhpuri with good neighbors.
5. A hassle-free daily school drop-off routine.
6. A peaceful home environment away from the chaotic noise of older city areas.
7. To own a home that friends and relatives will praise.
8. Easy access to daily groceries at Vijay Market.
9. A smart investment that will appreciate as their children grow.
10. A modern kitchen that makes daily cooking easier for the family.","1. At least a 2BHK layout to accommodate a family of four comfortably.
2. An affordable EMI strictly around ₹20,000/month to balance household expenses.
3. Possession within 6-8 months to time the move before the next academic year.
4. Schools within a 2-5 km radius (like Little Kingdom School just 1.2km away).
5. Assured water supply 24/7 for the growing family's daily needs.
6. A home loan from a trusted bank (SBI) to ensure low interest rates.
7. CCTV cameras and a security guard for the safety of their children.
8. Covered parking for their newly purchased family car or two-wheelers.
9. Zero hidden costs upfront because savings are tied up.
10. A reliable lift service so kids and pregnant mothers don't struggle with stairs.","1. Fear that an EMI of ₹20,000 might stretch their monthly budget too thin.
2. Worry that the ""6-8 months"" possession promise will turn into years of delay.
3. Hidden documentation charges that could drain their emergency savings.
4. High monthly maintenance charges that usually come with new flats.
5. The complexity and hassle of getting home loan approval.
6. Uncertainty about water availability in Awadhpuri during peak summers.
7. Fear that the build quality might be poor and require constant repairs.
8. Anxiety about long commuting times to BHEL for work (breadwinner).
9. Worry that the neighborhood might not be entirely safe at night.
10. Feeling that ₹35 Lakh is a massive debt burden for a young family.","1. The current 1BHK is suffocatingly small for two kids and parents.
2. Lack of privacy is affecting the parents' relationship and peace of mind.
3. Renting is feeling like throwing money away instead of building an asset for the kids.
4. The 36% appreciation in 3 years proves it's a solid long-term investment.
5. RERA registration provides peace of mind against builder fraud.
6. Being just 4 km from BHEL means the breadwinner saves commuting time.
7. 10+ schools within 5 km gives them excellent educational choices.
8. Zero documentation charges save them immediate out-of-pocket expenses.
9. Moving now secures a home before the Bhopal Metro pushes prices out of reach.
10. The gated boundary wall fulfills their ultimate need for child safety.","1. A spacious ₹35 Lakh 2BHK that fits their budget with a manageable ₹20,000 EMI.
2. A strict 6-8 months possession timeline backed by RERA.
3. Absolutely ZERO documentation charges, saving them 50k-80k upfront.
4. ZERO maintenance charges to keep their monthly expenses low.
5. Pre-approved loans from SBI and leading banks for a smooth process.
6. 24/7 water supply guaranteed.
7. A highly secure gated campus with CCTV and a 24/7 security guard.
8. Proximity to Little Kingdom School (1.2 km) for effortless commutes.
9. Proximity to BHEL (7 min drive) so parents spend more time with kids.
10. A completely legal, TNCP & Nagar Nigam approved project for absolute safety.","1. ""1BHK mein space kam pad raha hai? Ab Awadhpuri mein apna 2BHK lijiye!""
2. ""Bachchon ke future ke liye rent nahi, ₹20,000 ki EMI bhariye.""
3. ""Kya aapke bachchon ko khelne ke liye safe jagah nahi milti?""
4. ""Awadhpuri mein naya ghar, bina kisi documentation charges ke!""
5. ""Sirf 6-8 mahine mein shift ho jaiye apne naye 2BHK flat mein.""
6. ""Zero maintenance charges zindagi bhar! Awadhpuri ka sabse exclusive project.""
7. ""BHEL aur school ke paas, aapki family ka perfect 2BHK home.""
8. ""Rent ka paisa EMI mein daaliye, aur apna khud ka 2BHK banaiye!""
9. ""Kya aapko lagta hai ₹35 Lakh mein accha ghar nahi milta? Ek baar yahan aaiye.""
10. ""Apni family ko dijiye ek safe gated campus ka gift.""","1. ₹35L starting price with an affordable ~₹20,000/month EMI.
2. Zero maintenance and zero documentation charges.
3. Gated campus with CCTV and 24/7 security for child safety.
4. Close to Little Kingdom School (1.2 km) and 10+ other schools.
5. 6-8 months ready-to-move timeline with RERA/SBI approval.","Book a Site Visit for Your Family Today!","Problem Aware (Know they need space, looking for budget options).","Wife (for space/kitchen) and Kids (for schools/play area).","Show a cramped family in a small room transitioning into a happy family in a spacious, sunny 2BHK. Kids playing safely in a gated area.","Hopeful, relieving, family-oriented, practical."
"Buy Now, Distribute Later Parent","Male/Female","40-55","1. To secure their children's financial future before property prices become unaffordable.
2. To provide equal assets to two children (e.g., two sons, or a son and daughter).
3. To avoid future family property disputes by establishing clear, separate ownership early.
4. To lock in a low price now and enjoy massive appreciation over the next 10-15 years.
5. To earn rental income from the properties until the children are ready to use them.
6. To buy in a rapidly developing area (Awadhpuri/Ayodhya Bypass) for maximum ROI.
7. To own a full exclusive floor (two flats facing each other) as a family block.
8. To handle a single builder for both properties rather than searching multiple places.
9. To leave a proud legacy for the next generation.
10. To be seen as a smart investor and responsible parent in their social circle.","1. Two exact similar 2BHK flats on the exact same floor.
2. Properties with very clear titles and RERA approval for hassle-free future transfer.
3. Locations with high rental demand (near Vidyasagar Institute or AIIMS).
4. Good bank financing options to manage two down payments.
5. Proof of past and future appreciation (like the Hoshangabad Road growth story).
6. Very low holding costs (zero maintenance) while waiting for children to grow.
7. Excellent future connectivity (Metro Green Line, 10-lane bypass).
8. Reputable builder who won't disappear before handing over both flats.
9. Easy rental management due to secure campus and 24/7 facilities.
10. Legal clarity on buying adjacent properties in different children's names.","1. Buying two flats at once is a huge financial commitment (₹70 Lakhs total).
2. Fear that the location (Deep Nagar) might not appreciate as promised.
3. Worry about paying dual EMIs while paying current living expenses.
4. Maintenance charges for two empty flats would drain their monthly income.
5. Finding good, reliable tenants until the children are ready to occupy.
6. The hassle of doing double registry and double documentation charges.
7. Fear of delayed possession tying up their capital for years.
8. Managing a property that is far away from their current residence.
9. Concerns about water supply affecting rental demand.
10. Fear that the properties won't be equally attractive to both children later.","1. The ""Entire Family Floor"" concept perfectly matches their 2-child distribution plan.
2. The 36% appreciation in the last 3 years gives them confidence in future value.
3. The proposed 10-lane Ayodhya Bypass will skyrocket prices by 2027.
4. Owning adjacent flats keeps the siblings close but with separate kitchens.
5. Vidyasagar Institute (410m) guarantees immediate student tenant demand to cover EMIs.
6. Hoshangabad Road's boom (₹2,500 to ₹6,000) shows Bhopal's growth pattern perfectly.
7. A small exclusive project (6 flats) means less tenant nuisance and more privacy.
8. Zero documentation charges on TWO flats save them up to ₹1.5 Lakhs immediately.
9. Buying an entire floor allows them to control the corridor and entrance space.
10. RERA and TNCP approval ensures zero legal headaches for their kids' future.","1. Two 2BHK flats exactly facing each other on one floor (Entire Family Floor concept).
2. ₹70L combined price, perfectly distributed as two ₹35L assets.
3. Zero documentation charges for both registries, saving massive upfront costs.
4. Zero maintenance charges forever, making it free to hold until kids grow up.
5. High rental yield potential due to Vidyasagar Institute being walking distance.
6. 10-lane Ayodhya Bypass and Metro proximity to ensure massive future appreciation.
7. SBI approved loans that can be split easily.
8. Complete legal transparency with RERA and TNCP approvals.
9. 6-8 months ready project so rental income starts almost immediately.
10. Excellent infrastructure: 24/7 water, lift, and gated security to attract good tenants.","1. ""Aaj mehnga lagta hai, 15 saal baad Awadhpuri ka ye flat sasta lagega!""
2. ""Apne dono bachchon ke liye aaj hi secure karein ek pura floor!""
3. ""Ek floor, do flats. Bachchon ke future ka sabse smart investment.""
4. ""Property ke jhagde khatam! Ek hi floor par lijiye 2 separate flats.""
5. ""Kya aap bhi bachchon ke future ke liye property dhoondh rahe hain?""
6. ""Abhi rent par dijiye, baad mein bachchon ko dijiye. Zero maintenance ke sath!""
7. ""Vidyasagar college se sirf 400 meter door, guaranteed rental income.""
8. ""Double documentation charges? Humare project mein bilkul ZERO!""
9. ""Hoshangabad Road ka rate miss kar diya? Awadhpuri mein wahi chance wapas auka hai.""
10. ""Bhopal Metro ke paas property lijiye, kal price double hone se pehle.""","1. The 'Entire Family Floor' concept (buy 2 flats on the same floor).
2. Zero maintenance and zero documentation charges (huge savings on multiple units).
3. 36% appreciation in 3 years + proximity to 10-lane bypass & Metro.
4. Walking distance (410m) to Vidyasagar Institute for easy tenant sourcing.
5. RERA and SBI approved for safe, clear title transfer to children.","Secure an Entire Floor for Your Children Today!","Solution Aware (Looking for investments for kids, comparing areas).","Self (Patriarch/Matriarch) and Financial Advisor.","Show an older parent handing over two identical keys to a young son and daughter. Show an entire floor layout.","Visionary, responsible, authoritative, financially savvy."
"Sandwich Generation Couple","Male/Female","35-45","1. To care for their aging parents without sacrificing their own family's privacy.
2. To avoid the cultural guilt of sending parents to an old age home.
3. To have their own independent kitchen and living space, free of daily conflicts.
4. To keep their parents immediately accessible for medical emergencies.
5. To provide a healthy, peaceful environment for parents to walk and relax.
6. To have grandparents close by to help look after the young kids.
7. To balance the demands of dual careers with family responsibilities.
8. To live near a major hospital (AIIMS) for parents' frequent checkups.
9. To live near good schools for their growing children.
10. To maintain family harmony while respecting everyone's boundaries.","1. Two separate homes that are physically adjacent (same floor).
2. Fast access to emergency healthcare (AIIMS within 10-15 mins).
3. 24/7 lift access since aging parents cannot climb stairs.
4. Proximity to schools (10+ schools within 5km) for the kids' education.
5. Affordable total EMI (approx. ₹40k for two flats) manageable on a dual income.
6. Safe walking areas or temples nearby for parents' daily routine (6+ temples nearby).
7. Ready within 6-8 months because the current living situation is highly stressful.
8. Reliable 24/7 water supply to manage two households without stress.
9. Gated security so kids can move between the two flats safely.
10. Zero maintenance charges to keep the dual-household budget in check.","1. Buying a massive 4BHK or duplex is financially out of reach (₹1Cr+).
2. Renting two adjacent flats in a good society is nearly impossible to find.
3. Parents might feel isolated if the flats aren't close enough.
4. High EMIs on two flats could destroy their monthly lifestyle budget.
5. Documentation charges for two registries would be a massive burden.
6. Fear of power/lift failures trapping elderly parents on upper floors.
7. Constant arguments between spouse and parents over shared kitchen spaces.
8. Finding a location that satisfies both the parents' needs and the kids' needs.
9. Distance to work (BHEL or city center) from Awadhpuri.
10. Managing maintenance fees for two flats simultaneously.","1. The 'Entire Family Floor' concept completely solves their biggest life problem: ""Together but separate"".
2. Parents get their own kitchen and TV, the couple gets their own privacy.
3. Kids can easily walk across the hall to eat with grandparents.
4. AIIMS is just 5 km away, providing immense relief regarding parents' health.
5. It is socially respectable: ""We bought an entire floor for our parents.""
6. 6+ temples within walking distance give parents a fulfilling daily social life.
7. 10+ schools nearby mean the kids' commute is short.
8. Total cost of ₹70L for a whole floor is cheaper than buying a luxury 4BHK.
9. Zero maintenance on both flats saves them thousands every month.
10. A 6-flat exclusive building means a quiet, non-chaotic environment for elders.","1. The exclusive 'Entire Family Floor' with two facing 2BHK flats.
2. Proximity to AIIMS (10-15 min drive) for world-class elder care.
3. 24/7 lift service guaranteed for easy mobility of parents.
4. 6+ temples within walking distance for the parents' spiritual routine.
5. Over 10 schools within 5 km for the kids' easy commute.
6. Total EMI around ₹40,000 for two flats, easily manageable on a dual income.
7. Zero documentation charges for both registries.
8. Zero maintenance charges forever.
9. A gated campus where kids can run safely between the two flats.
10. Possession in just 6-8 months to end their current shared-kitchen stress.","1. ""Maa-Baap ka pyar aur apni privacy... ab dono ek sath! Khareediye poora floor.""
2. ""Ek hi kitchen mein roz ke jhagde? Apne parents ke liye lijiye flat next door.""
3. ""Na old age home, na ek kamre mein compromise. Presenting Family Floor concept.""
4. ""Parents ke liye AIIMS paas, bachchon ke liye school paas. Perfect family location.""
5. ""Ab daada-daadi aur bachche rahenge paas, par separate flats mein!""
6. ""Bhopal ka pehla 'Entire Family Floor' concept, sirf Awadhpuri mein.""
7. ""Parents ke joint pain ki chinta chhodiye, yahan milti hai 24/7 lift.""
8. ""Kya aap bhi joint family aur privacy ke beech fanse hain? Ye hai solution.""
9. ""2 flats, 1 floor, 0 maintenance. Aapki sandwich generation ki problem solved.""
10. ""Apne parents ko dijiye samman aur khud ko dijiye space. Book 2 flats today.""","1. 'Entire Family Floor' concept (parents next door, separate kitchens).
2. AIIMS is 5 km away + 6 temples in walking distance for elders.
3. 24/7 lift, water supply, and zero maintenance.
4. 10+ schools within 5 km for children.
5. Zero documentation charges on dual registries.","Book the 'Family Floor' & Bring Harmony Home!","Problem Aware (Highly stressed by current living arrangement, seeking separation but proximity).","Both Spouses (heavy emotional decision).","Split screen: Left side shows a frustrated couple in a shared kitchen, Right side shows a happy couple visiting smiling parents across the hallway.","Empathetic, solving, harmonious, modern-traditional balance."
"Retired Couple","Male/Female","60-72","1. To live independently with dignity in their own home (""apni marzi se rehna"").
2. To stop feeling like a burden on their married children.
3. To invest their hard-earned PF and gratuity lump sum safely.
4. To have a reliable secondary source of income for their old age.
5. A quiet, peaceful neighborhood with similarly aged peers.
6. Easy access to daily spiritual activities (temples).
7. Close proximity to world-class medical facilities for age-related health issues.
8. A completely ground floor or lift-accessible home to avoid joint pain.
9. A highly secure environment where they feel safe alone at night.
10. To avoid any recurring surprise expenses or hidden fees on a fixed pension.","1. Budget exactly matching their ₹15-40 Lakh retirement lump sum.
2. Zero monthly maintenance charges because their pension is fixed (₹25k-50k).
3. Immediate medical access (AIIMS or Metro Multi-specialty hospital nearby).
4. Reliable 24/7 lift with power backup.
5. Proximity to local markets (Vijay Market) so they don't have to drive far.
6. Ready-to-move or nearing completion (6-8 months) as they must vacate govt quarters.
7. Easy ground floor option (with shop space potential) or lower floors.
8. Gated security with a guard and CCTV for peace of mind.
9. Clear legal titles (RERA/Nagar Nigam) because they cannot fight legal battles.
10. A small, non-noisy project (6 flats total is perfect, very peaceful).","1. Massive fear of being cheated by builders and losing their life savings.
2. Terror of high monthly society maintenance fees eating into their pension.
3. Worry that construction will be delayed and they will be homeless after leaving govt housing.
4. Fear that living alone in a new area might be unsafe for senior citizens.
5. Anxiety about climbing stairs if the lift breaks down.
6. Hesitation about the documentation process and extra registry costs.
7. Worry about regular water supply and not having the physical strength to manage tankers.
8. Medical emergencies happening when no one is around to help.
9. Fear that inflation will outpace their fixed pension income.
10. Feeling overwhelmed by the fast-paced modern real estate market.","1. Must leave government quarters immediately after retirement.
2. The project's ₹35L price perfectly matches their PF/Gratuity payout.
3. Zero maintenance guarantee is the biggest financial relief they could ask for.
4. AIIMS (5km) and Metro Multi-specialty (1.1km) give them absolute healthcare security.
5. 6+ walking-distance temples provide a ready-made social and spiritual life.
6. They can buy one flat to live in, or the ground floor flat + shop for extra income.
7. A 6-flat building is highly exclusive, meaning no noisy crowds or chaotic parking.
8. Zero documentation charges mean their entire retirement fund goes only into the asset.
9. RERA and SBI approvals assure them that the investment is 100% safe.
10. 24/7 security guard means they are never truly alone in emergencies.","1. A comfortable, secure 2BHK exactly at the ₹35L price point.
2. Absolute ZERO maintenance charges, protecting their monthly pension.
3. Total waiver on documentation charges, saving their limited cash.
4. Only 10-15 minutes (5 km) from AIIMS Bhopal and 1.1 km from Vaishno/Metro hospital.
5. 24/7 lift service in a very small, exclusive 3-floor building.
6. 6+ temples within walking distance.
7. Gated campus with CCTV and 24/7 guard for total senior citizen safety.
8. Ground floor option available with an attached shop for side income.
9. Clear RERA, TNCP, and Nagar Nigam approvals for stress-free ownership.
10. Delivery in 6-8 months, perfectly timed for those vacating staff quarters.","1. ""Retirement ke baad apni marzi ka ghar! Bina kisi maintenance charge ke.""
2. ""Govt quarter chhodna pad raha hai? Awadhpuri mein lijiye apna naya ghar.""
3. ""PF ka paisa safe jagah invest karein. RERA approved 2BHK in Awadhpuri.""
4. ""Buzurgon ke liye perfect ghar: AIIMS se 15 min door aur mandir walking distance par.""
5. ""Fixed pension mein ghar kaise lein? Yahan ZERO maintenance aur ZERO doc charges hain.""
6. ""Apne bacchon par bojh na banein. Apna khud ka ₹35 Lakh ka 2BHK lijiye.""
7. ""Retirement ke baad aaraam: 24/7 lift, gated security aur shant mahaul.""
8. ""Ground floor flat lijiye, chahein toh sath mein dukan bhi kholiye!""
9. ""Zindagi bhar ki kamai lagaiye Bhopal ke sabse safe aur approved project mein.""
10. ""Aapki health sabse zaroori. AIIMS aur hospitals ke bilkul paas apna ghar.""","1. Zero maintenance charges (perfect for fixed pensions).
2. AIIMS Bhopal (5 km) & local hospitals (1.1 km) nearby.
3. 6+ temples within walking distance.
4. Ground floor/shop option available for extra income or ease of access.
5. Zero documentation charges and RERA/SBI approved for absolute safety.","Book a Safe & Peaceful Home for Your Retirement!","Product Aware (Looking for safe places to park retirement funds, comparing amenities).","Self, sometimes consulting married children.","A relaxed senior couple sitting in a sunny balcony sipping tea, or walking comfortably to a nearby temple. Text highlighting ""Zero Maintenance"".","Respectful, assuring, safe, dignified."
"Pure Rental Income Investor","Male/Female","35-60","1. To generate high, consistent, and passive monthly rental income.
2. To beat FD and Mutual Fund returns with a mix of rental yield and capital appreciation.
3. To find a property with a guaranteed, never-ending pool of tenants.
4. To diversify their investment portfolio with safe, tangible real estate.
5. To buy in an area with massive upcoming infrastructure developments.
6. To buy multiple units (an entire floor) to maximize and centralize their rental returns.
7. To own a hassle-free asset that doesn't require constant maintenance or supervision.
8. To avoid the hidden costs of real estate (registry bribes, high maintenance).
9. To benefit from Bhopal's rapidly expanding city limits.
10. To flip the property for a huge profit in 5-7 years.","1. Proximity to educational or medical institutions to ensure high tenant demand.
2. Solid past data showing strong capital appreciation in the area.
3. Future infrastructure projects (Metro, Highways) to guarantee future price jumps.
4. Low entry ticket price (₹35L) to ensure higher ROI percentage.
5. Zero maintenance charges to maximize net rental income.
6. Clear paperwork (RERA, TNCP) so the asset can be easily sold later.
7. Easy bank financing to leverage their capital and buy multiple flats.
8. Ready in a short timeframe (6-8 months) so the EMI-to-Rent cycle starts quickly.
9. Modern amenities (lift, parking, security) because good tenants demand them.
10. An exclusive property (only 6 flats) which attracts higher-paying family tenants.","1. Fear that the property will remain vacant for months.
2. Anxiety that flat maintenance will eat up all the rental profits.
3. Hesitation to pay hefty registry and documentation charges upfront.
4. Fear that the builder will delay the project, trapping their investment capital.
5. Doubt about the future growth of Awadhpuri vs. Hoshangabad Road.
6. Dealing with bad tenants who damage property.
7. Real estate is less liquid than mutual funds or stocks.
8. Fear of legal disputes if titles are not perfectly clear.
9. Managing property from far away can be a headache.
10. Over-supply of apartments in Bhopal driving down rental yields.","1. Vidyasagar Institute of Technology is just 410 meters away = immediate student tenants.
2. AIIMS is 5 km away = high demand from medical staff and doctors.
3. 36% appreciation in 3 years (15.3% last year) completely beats standard FDs.
4. The ₹837 Crore 10-lane Ayodhya Bypass will skyrocket property prices by 2027.
5. The proposed Bhopal Metro Green Line endpoint at Awadhpuri guarantees future capital gains.
6. Zero maintenance charge means 100% of the rent stays in their pocket.
7. Zero documentation charges significantly lower their break-even point.
8. Buying an 'Entire Floor' means they can rent to a large joint family or multiple students easily.
9. The Hoshangabad Road growth story (₹2,500 to ₹6,000) is currently repeating in Awadhpuri.
10. The 6-flat exclusivity allows them to charge premium rent compared to crowded societies.","1. ₹35L flats strategically located 410m from Vidyasagar Institute for instant tenants.
2. Proximity to AIIMS and BHEL ensuring high-quality, paying tenants.
3. ZERO maintenance charges forever, maximizing net rental yield.
4. ZERO documentation charges, drastically reducing initial capital outlay.
5. A project sitting exactly on the path of the upcoming 10-lane bypass and Metro line.
6. Proven data: 36% appreciation in the last 3 years in this specific belt.
7. RERA and SBI approved project ensuring complete asset safety and liquidity.
8. 6-8 month possession so their money doesn't sit dead for years.
9. Option to buy two flats on one floor for centralized rental management.
10. 24/7 water, lift, and security, which are major selling points for premium tenants.","1. ""Bhopal ka naya Hoshangabad Road ban raha hai Awadhpuri. Aaj hi invest karein!""
2. ""FD aur Mutual Funds bhool jaiye. Is 2BHK par paaiye guaranteed rental + 36% appreciation.""
3. ""Vidyasagar College se 400 meter door flat. Tenant dhoondhne ki zaroorat hi nahi!""
4. ""Zero Maintenance = 100% Rental Profit. Invest in Awadhpuri today.""
5. ""AIIMS aur Metro ke paas property lijiye, kal price double hone se pehle.""
6. ""Kya aap bhi ek passive income source dhoondh rahe hain? Ye 2BHK aapke liye hai.""
7. ""Sirf 6-8 mahine mein ready flat, aur turant kiraya aana shuru.""
8. ""Documentation aur registry charges bilkul ZERO! Aapka poora paisa sirf investment mein.""
9. ""Ayodhya Bypass 10-lane banne se pehle property lijiye, aur profit kamaiye.""
10. ""Ek flat nahi, poora floor khareediye aur apni rental income double karein.""","1. Vidyasagar Institute (410m) & AIIMS (5km) ensure guaranteed tenant demand.
2. Zero maintenance charges (100% rental yield retention).
3. Huge appreciation potential (Metro endpoint + 10-lane Ayodhya bypass).
4. Proven 36% appreciation in the last 3 years in this area.
5. Zero documentation charges on multiple flats.","Invest Before the Metro Arrives – Check ROI Now!","Solution/Product Aware (Actively looking for high-yield properties, comparing numbers).","Self / CA / Financial Advisor.","Bold graphics showing ""36% Appreciation"" and a graph trending upwards. Split screen showing FD returns vs Real Estate ROI in Awadhpuri.","Aggressive, logical, financially driven, urgent."
